{
  "total_epochs": 300,
  "fix_epochs": 97,
  "float_epochs": 106,
  "single_epochs": 97,
  "other_epochs": 0,
  "fix_pct": 32.33333333333333,
  "float_pct": 35.333333333333336,
  "single_pct": 32.33333333333333,
  "availability_pct": 67.66666666666666,
  "total_duration_sec": 299.0,
  "mean_convergence_sec": 4.06,
  "max_convergence_sec": 23.0,
  "num_convergences": 50,
  "num_mode_transitions": 153,
  "num_fix_losses": 50,
  "accuracy": {
    "num_epochs_compared": 300,
    "mean_hpe_m": 22004274.45531268,
    "rms_hpe_m": 22004274.461171266,
    "max_hpe_m": 22005179.806540906,
    "pct95_hpe_m": 22005149.096803255,
    "mean_vpe_m": 413.6238746710288,
    "rms_vpe_m": 413.7477637601921,
    "pct_within_target": 0.0
  },
  "mean_num_sats": 7.926666666666667,
  "min_num_sats": 4,
  "max_num_sats": 13,
  "synthetic_info": {
    "synthetic": true,
    "mode": "ai",
    "seed": 42,
    "method": "deterministic_simulation",
    "n_epochs": 300,
    "source": "mode_transitions.csv",
    "multipath_source": "multipath_profile.json"
  }
}