{
  "train_loss": [
    0.02724917643451582,
    0.021665351405898307,
    0.02075722878147766,
    0.020564367720081633,
    0.02041826038805366,
    0.02020779037480115,
    0.020153277539464116,
    0.020277843762494873,
    0.020069846178555017,
    0.020001252306381802,
    0.020057481555070016,
    0.019929132800787053,
    0.01992819278209405,
    0.020008556233396285,
    0.019867829989789105,
    0.019772728106805255,
    0.019826192029477253,
    0.01978627021925518,
    0.019865650474164623,
    0.01970308769131957,
    0.019738084749859337,
    0.019632113282214907,
    0.019699377321997676,
    0.019645764648144368,
    0.019582816827079807,
    0.019632696403377323,
    0.019703769968613123,
    0.019635926340466032,
    0.01967446439500366,
    0.019691687224483778,
    0.01961503575604103,
    0.019720242404036428,
    0.019609426816296977,
    0.019540010719336455,
    0.0195870426792006,
    0.01947996588452156,
    0.0196235211634029,
    0.019528899924959816,
    0.01942202088205104,
    0.01949518306129881,
    0.019542013184594892,
    0.019564697935067592,
    0.019508575103429675,
    0.019488113329358014,
    0.019588041308938913,
    0.019353099144700812,
    0.019438216349500652,
    0.0195225437418034,
    0.019264400115740515,
    0.01941471549719119,
    0.019510415450621703,
    0.019392452780213943,
    0.01940982255484558,
    0.019195245938392575,
    0.019343887008500135,
    0.01937538222905169,
    0.01934307796376726,
    0.0192865008335436,
    0.019385998757233375,
    0.019361954768355314,
    0.019300848423959092,
    0.019314194146238018,
    0.01934681240310694
  ],
  "val_loss": [
    0.020783445391226823,
    0.02033936145754767,
    0.02080676498704813,
    0.020731603490634704,
    0.020412186711606845,
    0.02007041480654562,
    0.02037361466233999,
    0.019923598728549312,
    0.020091375322933768,
    0.020700240271611953,
    0.020262002603898585,
    0.02019981916626574,
    0.019905241416163847,
    0.020174204935909996,
    0.02043161378570006,
    0.020561701054094543,
    0.019921831589874248,
    0.02018885012768524,
    0.01999452881987246,
    0.02045677235008965,
    0.020072208848637595,
    0.020763207449984382,
    0.02031472679489935,
    0.020550429532435577,
    0.020433462172431846,
    0.02007433467767608,
    0.02042424230193588,
    0.02022580689632557,
    0.02011946938984411,
    0.020417651187785914,
    0.02021780888169584,
    0.020781988356734664,
    0.020471782777720774,
    0.020128459945111206,
    0.02003405497632396,
    0.020397558991967792,
    0.02028165744538878,
    0.020452575128473028,
    0.020337357107077687,
    0.020419390793417543,
    0.020560836891683056,
    0.02062181963152449,
    0.02044486989017943,
    0.020479074600611775,
    0.020027482121343344,
    0.021126999978868053,
    0.02037776354700327,
    0.0201967657137085,
    0.0207689726384173,
    0.02022279560251135,
    0.020426713940228373,
    0.020625993189677387,
    0.01999005607106316,
    0.020612117860623648,
    0.020842284751190265,
    0.02054674705674111,
    0.020097412641199543,
    0.020300785722342174,
    0.020594782812494626,
    0.020840751505653624,
    0.020289544868742078,
    0.020502254944032346,
    0.02060142267023174
  ],
  "train_mae": [
    0.10954699477345023,
    0.09780479052690025,
    0.09567472320559539,
    0.09517172105768894,
    0.09477512180624037,
    0.09430973496752307,
    0.09422067618478758,
    0.0945575732318826,
    0.09416198010321446,
    0.0938418256430278,
    0.09401746728318802,
    0.09353404206798431,
    0.09362306910082924,
    0.09395697026720162,
    0.0935683001772611,
    0.09330799838239298,
    0.09341491928669457,
    0.0933128812981594,
    0.09340635820725043,
    0.09314002889267942,
    0.09323271714988812,
    0.09307263198232216,
    0.09315913415154425,
    0.09302597712600848,
    0.09288062635344937,
    0.09302688725179452,
    0.09309215628539175,
    0.09293009284147738,
    0.09301529054764919,
    0.09304429767341961,
    0.09281942055852217,
    0.09322435159723085,
    0.09300737660434832,
    0.09282077568099129,
    0.09289570832143801,
    0.09260114336720354,
    0.09300800879403813,
    0.09268994040583405,
    0.09245024913621891,
    0.09263559861114322,
    0.09269550238880343,
    0.09287945695198778,
    0.09286054767283262,
    0.0926260062943476,
    0.09289899586181873,
    0.09237944201133172,
    0.09256147865013511,
    0.09281627437535753,
    0.09204953335972904,
    0.09247184064703509,
    0.09273065841759592,
    0.09249874011904997,
    0.09241746599279275,
    0.09188163842111373,
    0.09232281159756756,
    0.09241815851180386,
    0.09223337355989816,
    0.09226129204034805,
    0.09255532972446691,
    0.09246631571315342,
    0.09215026355623111,
    0.09221159750567381,
    0.09244690593162207
  ],
  "val_mae": [
    0.09766500957415138,
    0.09632930852157968,
    0.09797358407940664,
    0.09747791353245856,
    0.096802853362661,
    0.09580981574008163,
    0.0967403114051886,
    0.09544483121012298,
    0.0958597493213667,
    0.0975521618211773,
    0.09625958315503429,
    0.09630085485921779,
    0.09532869680666588,
    0.09634287476959363,
    0.09700459136929311,
    0.09725489918614777,
    0.09523685916628637,
    0.09606187475818984,
    0.09572056240179169,
    0.09706573587068369,
    0.09577004989268074,
    0.09766457408246859,
    0.09642597697150539,
    0.09716558141607634,
    0.0968633677128335,
    0.09585939777988783,
    0.09678355310584458,
    0.09635527190608038,
    0.0960249642670994,
    0.09674392955403932,
    0.09628889531316892,
    0.09789751522557837,
    0.09699678337070304,
    0.09607288954963147,
    0.09571142431715844,
    0.09683356801388969,
    0.09657719280098526,
    0.09702046393928393,
    0.09676058789793875,
    0.09705285035388571,
    0.0973539755377971,
    0.09738692819652423,
    0.09704079216634723,
    0.0970813833491903,
    0.09581586183376715,
    0.09869084160932352,
    0.09675532086214549,
    0.09646452617057612,
    0.09791892976828025,
    0.09636332388495056,
    0.09678722351369723,
    0.09739403111833922,
    0.09555896182715053,
    0.09761653903504493,
    0.09803895001680078,
    0.09725912597397683,
    0.09592294965831327,
    0.09652455130093535,
    0.09733159819119414,
    0.09805982003749257,
    0.09667843758640154,
    0.0972712271859948,
    0.09756291206453888
  ],