{
  "train_loss": [
    0.02753921172448567,
    0.02152338811680448,
    0.020810860998951193,
    0.020715406659911288,
    0.020626889567222095,
    0.020365176855453422,
    0.02040593411297874,
    0.020148226147727037,
    0.020261568306042248,
    0.01999982987391822,
    0.020070558549740034,
    0.020041630164604057,
    0.019930421966368666,
    0.019875260944673536,
    0.019910442739113667,
    0.01989119574654066,
    0.019879042618203127,
    0.019797492092956524,
    0.01992189579312109,
    0.019644891243076976,
    0.019749974902707936,
    0.019798509751115346,
    0.01976853476039001,
    0.019757044770525582,
    0.019800257291588196,
    0.019765993237699238,
    0.01971169829787545,
    0.01963159939879976,
    0.019589586401397876,
    0.019693469852322322,
    0.019610890139200043,
    0.01986726722184648,
    0.01950516563905318,
    0.019789518075103454,
    0.019607451789669897,
    0.019548456057181474,
    0.019490298531994812,
    0.019505885984510817,
    0.019651181942084095,
    0.019537208791493826,
    0.019476479471386567,
    0.01948122206033635,
    0.019485144287143978,
    0.019513193050846683,
    0.019467142116176502,
    0.019431575835543745,
    0.019338765563754686,
    0.019582771837688688,
    0.019399411642306845,
    0.019465844322414928,
    0.019579544159552608,
    0.019436415579271896,
    0.01940921724046436,
    0.019379412998816164,
    0.019378646070245188,
    0.019350968236188575,
    0.01923359385875583
  ],
  "val_loss": [
    0.020808892442621817,
    0.020310368625001168,
    0.020191777261420036,
    0.021123013000043347,
    0.021219923462666258,
    0.020435972322880382,
    0.019704584714392542,
    0.02043736243331936,
    0.020413852519762347,
    0.020266658324800745,
    0.020498694274836863,
    0.020432555182299143,
    0.02045959354916089,
    0.02003829147089535,
    0.02030859605579729,
    0.020441641296509286,
    0.020669213561734682,
    0.020232714371572078,
    0.02003861023244304,
    0.020894403425110897,
    0.020391572791505868,
    0.020463024331650263,
    0.019843483645416483,
    0.02086330737761209,
    0.02015429238041102,
    0.020734453022899762,
    0.020338838264136246,
    0.019945176646218334,
    0.020065574933000853,
    0.020803452430056855,
    0.020826930914756278,
    0.021151230237643485,
    0.02062787467115362,
    0.01977603355238975,
    0.020159729612125477,
    0.02061669618993158,
    0.020343367482574894,
    0.020089533455460003,
    0.020713733194369664,
    0.020118946576832046,
    0.020363094822936495,
    0.020632192151437342,
    0.020121225483820473,
    0.020772993446550737,
    0.019915697151716327,
    0.020124481715471813,
    0.020396267313142896,
    0.020155999166759808,
    0.020105845793347125,
    0.02015338288488942,
    0.020409726236068026,
    0.0201899959823825,
    0.020581398762657608,
    0.021005203776901037,
    0.020382686557484344,
    0.020060471770629078,
    0.020184530758521925
  ],
  "train_mae": [
    0.11024402498655406,
    0.09755730042432217,
    0.09587634397857457,
    0.09547068978062517,
    0.0952271617790486,
    0.09451494868674902,
    0.09476493878748642,
    0.09407049161594327,
    0.09453968855475944,
    0.09397439180808227,
    0.0940315280913582,
    0.09394691744111591,
    0.09356205751921268,
    0.093596210663623,
    0.0936849648331074,
    0.0934256781288918,
    0.09368551221299679,
    0.09320503860530882,
    0.09365220100684006,
    0.0929323303255629,
    0.09323927064887659,
    0.09338318850947006,
    0.09332660313888161,
    0.09320182423461172,
    0.09334179922077794,
    0.09316210546120322,
    0.09306272608440336,
    0.09297682600814883,
    0.09292935623042851,
    0.09324294589120204,
    0.09294177089056345,
    0.09362207606751868,
    0.09261945025899128,
    0.09331056640956177,
    0.0928876567801806,
    0.09282560114349638,
    0.0926765239256856,
    0.09267658649697492,
    0.09307499386166367,
    0.09285403269493109,
    0.09270042892103862,
    0.0926763308220359,
    0.09275129512178862,
    0.09272913372081826,
    0.09268960599026056,
    0.09263962638595546,
    0.09237858259025677,
    0.09295513365406396,
    0.0925194551109543,
    0.09259999011244092,
    0.0929355939742642,
    0.09243678172489793,
    0.09253235799925667,
    0.09246142319542297,
    0.09229056346923747,
    0.09235027375826357,
    0.09206874213410728
  ],
  "val_mae": [
    0.09783065696837197,
    0.09651717837427704,
    0.09608091099161498,
    0.09828395711284288,
    0.09869193925823964,
    0.09667870328879692,
    0.09485585336953821,
    0.09667722608002138,
    0.09643502438991843,
    0.09641616014947355,
    0.0969752679828187,
    0.09681102738414012,
    0.09717930297196752,
    0.09589066870615516,
    0.09647095654632004,
    0.09697529558144824,
    0.097401161953597,
    0.09632831507585418,
    0.0957945851792752,
    0.0981744970654098,
    0.09686558221427488,
    0.09695272525431405,
    0.0953397083450371,
    0.09805186869392932,
    0.09612006578646914,
    0.09761538167654628,
    0.09664012953429155,
    0.09579502434377939,
    0.09605770673550351,
    0.09768730129154635,
    0.0979066016808362,
    0.09874721742431883,
    0.09768405693097854,
    0.09503265396809914,
    0.0960779554197486,
    0.09748451579624498,
    0.0966211126094133,
    0.09597654220923571,
    0.09780635600778419,
    0.09608154460577897,
    0.09681893245015345,
    0.09760175823745593,
    0.0959621817922928,
    0.09782008942164166,
    0.09547669545445643,
    0.09579091896893273,
    0.09700571336376836,
    0.09615268033575004,
    0.09617243455329412,
    0.09623800994644702,
    0.09695805735151533,
    0.09636058920705823,
    0.09743061903077112,
    0.09861270506197298,
    0.0966384081353604,
    0.09599452822560996,
    0.09628575693973353
  ],
  "lr": [
    0.0009999383162408303,
    0.0009997532801828658,
    0.0009994449374809851,
    0.0009990133642141358,
    0.000998458666866564,
    0.00099778098230154,
    0.0009969804777275899,
    0.000996057350657239,
    0.0009950118288582787,
    0.0009938441702975688,
    0.000992554663077387,
    0.0009911436253643444,
    0.0009896114053108828,
    0.0009879583809693736,
    0.0009861849601988382,
    0.0009842915805643154,
    0.000982278709228899,
    0.0009801468428384714,
    0.0009778965073991648,
    0.0009755282581475766,
    0.0009730426794137723,
    0.0009704403844771124,
    0.0009677220154149334,
    0.0009648882429441253,
    0.000961939766255643,
    0.0009588773128419901,
    0.0009557016383177221,
    0.0009524135262330093,
    0.0009490137878803073,
    0.0009455032620941834,
    0.0009418828150443463,
    0.0009381533400219311,
    0.0009343157572190951,
    0.0009303710135019713,
    0.0009263200821770456,
    0.000922163962751007,
    0.0009179036806841347,
    0.0009135402871372803,
    0.0009090748587125112,
    0.0009045084971874732,
    0.0008998423292435448,
    0.0008950775061878446,
    0.0008902152036691643,
    0.000885256621387894,
    0.0008802029828000149,
    0.0008750555348152292,
    0.0008698155474893041,
    0.0008644843137107051,
    0.0008590631488815938,
    0.0008535533905932731,
    0.0008479563982961564,
    0.0008422735529643437,
    0.000836506256754886,
    0.0008306559326618253,
    0.0008247240241650912,
    0.0008187119948743442,
    0.000812621328167852
  ]
}