{
  "total_epochs": 300,
  "fix_epochs": 216,
  "float_epochs": 43,
  "single_epochs": 41,
  "other_epochs": 0,
  "fix_pct": 72.0,
  "float_pct": 14.333333333333334,
  "single_pct": 13.666666666666666,
  "availability_pct": 86.33333333333333,
  "total_duration_sec": 299.0,
  "mean_convergence_sec": 1.5272727272727273,
  "max_convergence_sec": 7.0,
  "num_convergences": 55,
  "num_mode_transitions": 111,
  "num_fix_losses": 55,
  "accuracy": {
    "num_epochs_compared": 300,
    "mean_hpe_m": 22006717.613470513,
    "rms_hpe_m": 22006717.649350166,
    "max_hpe_m": 22009540.488499053,
    "pct95_hpe_m": 22009110.584053993,
    "mean_vpe_m": 585.2680824194628,
    "rms_vpe_m": 585.2898931694233,
    "pct_within_target": 0.0
  },
  "mean_num_sats": 10.24,
  "min_num_sats": 6,
  "max_num_sats": 14,
  "synthetic_info": {
    "synthetic": true,
    "mode": "ai",
    "seed": 42,
    "method": "deterministic_simulation",
    "n_epochs": 300,
    "corrections_source": "corrections_schedule.json"
  }
}