{
  "generation_date": "2026-01-26T16:25:49.720492",
  "generator_version": "2.0_physics_based",
  "random_seed": 42,
  "num_samples_total": 15000,
  "num_samples_train": 10500,
  "num_samples_val": 2250,
  "num_samples_test": 2250,
  "input_dim": 50,
  "output_dim": 5,
  "statistics": {
    "num_samples": 15000,
    "num_features": 50,
    "num_targets": 5,
    "features": {
      "mean": [
        0.4640169335871352,
        0.4623793079851771,
        0.4652076961556691,
        0.46546102518664617,
        0.5013031062831158,
        0.49569095692508497,
        0.4989007177480029,
        0.4993630088113624,
        0.213766822439036,
        0.21318958316206663,
        0.2137601496792302,
        0.21344086419553338,
        0.4394914749629983,
        0.44009366978769976,
        0.4399508125521738,
        0.43925718916325446,
        0.5441516360108233,
        0.5440391863183658,
        0.5447926605822261,
        0.5448581710753708,
        0.4409126725725638,
        0.4387271906138964,
        0.44236016254478244,
        0.44246791217163073,
        0.39682140531530774,
        0.3948544715525061,
        0.39812414629030474,
        0.39822112095446693,
        0.2000805107435076,
        0.19982139641136487,
        0.4039927803640853,
        0.4024336085063335,
        0.4051837049643954,
        0.4055146062632412,
        0.5041824853910567,
        0.5025698337299878,
        0.505550773459062,
        0.5055310277480366,
        0.27444734905446005,
        0.27444734905446005,
        0.2844274533698115,
        0.27105908875927265,
        0.2734704537671554,
        0.3985371506259973,
        0.26691637191298334,
        0.050495855892800985,
        0.4948864046075963,
        0.30001073445694826,
        0.4994891139399988,
        0.8794058408726766
      ],
      "std": [
        0.15163158126640652,
        0.1521617815096605,
        0.15192526285316013,
        0.15217690331253594,
        0.2916262926324453,
        0.2881415117843879,
        0.28937572834407777,
        0.2892581146807648,
        0.06188285801528126,
        0.061529705548517916,
        0.06140133239917647,
        0.06167482269958963,
        0.08020992872610562,
        0.07924309282711575,
        0.07977968962064803,
        0.07961278834840448,
        0.06694126587052085,
        0.06645676149593502,
        0.0670818333061323,
        0.06732055890228344,
        0.15342895166774853,
        0.15310830295304945,
        0.1528625194003156,
        0.15342383968174633,
        0.13808605650097422,
        0.13779747265774397,
        0.13757626746028426,
        0.13808145571357125,
        0.057473675193332775,
        0.05791444888624411,
        0.15253394666723039,
        0.15306623865764987,
        0.15290283394683366,
        0.1530327999092185,
        0.1551150425837513,
        0.15574121509902014,
        0.15535584398298666,
        0.155974993037486,
        0.1313169710672847,
        0.1313169710672847,
        0.15755875207979336,
        0.11083010519142877,
        0.11822990394093932,
        0.19968468467552516,
        0.09302848459179444,
        0.05019560888668455,
        0.28907372388123126,
        0.2065068757121033,
        0.28724578593710004,
        0.04891893517966262
      ],
      "min": [
        0.08395313673771759,
        0.07750218990727112,
        0.05956919323255061,
        0.0694677027184602,
        0.0,
        0.0,
        0.0,
        0.0,
        0.024624019316128166,
        0.03021681975224492,
        0.030125597919380107,
        0.022462410249884844,
        0.18449865352533246,
        0.1973363454563714,
        0.19502309253876945,
        0.18300050196147685,
        0.5,
        0.5,
        0.5,
        0.5,
        0.0,
        0.008108247727594345,
        0.0,
        0.0,
        0.0,
        0.00729742295483491,
        0.0,
        0.0,
        0.1000269847030168,
        0.10001218932647421,
        0.0075340637699339436,
        0.0,
        0.0,
        0.019126194978489594,
        0.10093776439057031,
        0.09906312627965683,
        0.05623985868689853,
        0.08062764421192564,
        0.0,
        0.0,
        0.0007225889464269,
        0.007513698442575526,
        0.009151112185792816,
        0.0016939416226818625,
        0.02421321109787366,
        7.3210385766064875e-06,
        4.867002019870448e-05,
        0.0016073362298743964,
        1.4606622623758447e-05,
        0.7
      ],
      "max": [
        0.7927246723961271,
        0.7930872076485855,
        0.7936200378763653,
        0.793636859772393,
        1.0,
        1.0,
        1.0,
        1.0,
        0.4477477049103088,
        0.4610383581874351,
        0.43861609208017605,
        0.4609105391074599,
        0.8372197244610767,
        0.7985553783783153,
        0.7721138070321523,
        0.7653577336852836,
        0.8049168417599674,
        0.8031598193321303,
        0.8046356655562539,
        0.8067641504232973,
        0.8695258162900009,
        0.8663503376898836,
        0.8639056893851006,
        0.8400960853476054,
        0.7825732346610008,
        0.7797153039208953,
        0.7775151204465905,
        0.7560864768128449,
        0.29998292952157846,
        0.2999860093818145,
        0.7429043679853229,
        0.75995039246868,
        0.7511448764799481,
        0.7543970305866088,
        0.879755685157051,
        0.8769773508327896,
        0.8946029158188804,
        0.8869593492456744,
        0.7996037963580875,
        0.7996037963580875,
        0.8598580415161661,
        0.684081939298881,
        0.7297077058387494,
        0.9687376813548544,
        0.6229421427219711,
        0.5357104626212563,
        0.999975028534714,
        1.0,
        0.9998106270125633,
        0.9966669470086638
      ],
      "nan_count": 0,
      "inf_count": 0
    },
    "targets": {
      "mean": [
        3.0086172178441197,
        0.7653187286528398,
        0.8802713551271971,
        47.96753718867852,
        35.402900624797084
      ],
      "std": [
        0.45286514175783593,
        0.23338849567140801,
        0.026953939105208522,
        7.301005062561744,
        7.0882947265652065
      ],
      "min": [
        1.2395923002811184,
        0.1,
        0.8,
        19.32789778646587,
        10.46038464253893
      ],
      "max": [
        4.827767930486208,
        1.6938704621723486,
        0.9758301126761244,
        60.0,
        50.0
      ],
      "nan_count": 0,
      "inf_count": 0
    },
    "target_names": [
      "redundancy_ratio",
      "spectrum_mbps",
      "availability_pct",
      "convergence_time_sec",
      "accuracy_hpe_cm"
    ],
    "target_ranges": {
      "redundancy_ratio": [
        1.0,
        5.0
      ],
      "spectrum_mbps": [
        0.1,
        2.0
      ],
      "availability_pct": [
        0.8,
        0.99
      ],
      "convergence_time_sec": [
        10.0,
        60.0
      ],
      "accuracy_hpe_cm": [
        1.0,
        50.0
      ]
    }
  },
  "file_sizes_mb": {
    "X_train": 4.00543212890625,
    "y_train": 0.400543212890625,
    "X_val": 0.858306884765625,
    "y_val": 0.0858306884765625,
    "X_test": 0.858306884765625,
    "y_test": 0.0858306884765625
  }
}