{
  "scenario": "scenario3_vehicle_urban",
  "timestamp": "2026-02-01T18:52:01.893264",
  "traditional": {
    "total_epochs": 300,
    "fix_epochs": 60,
    "float_epochs": 125,
    "single_epochs": 115,
    "other_epochs": 0,
    "fix_pct": 20.0,
    "float_pct": 41.66666666666667,
    "single_pct": 38.333333333333336,
    "availability_pct": 61.66666666666667,
    "total_duration_sec": 299.0,
    "mean_convergence_sec": 8.275862068965518,
    "max_convergence_sec": 32.0,
    "num_convergences": 29,
    "num_mode_transitions": 119,
    "num_fix_losses": 29,
    "accuracy": {
      "num_epochs_compared": 300,
      "mean_hpe_m": 22004274.5489176,
      "rms_hpe_m": 22004274.554773957,
      "max_hpe_m": 22005180.362631712,
      "pct95_hpe_m": 22005148.40464887,
      "mean_vpe_m": 413.55676052474377,
      "rms_vpe_m": 413.68074804617686,
      "pct_within_target": 0.0
    },
    "mean_num_sats": 7.926666666666667,
    "min_num_sats": 4,
    "max_num_sats": 13
  },
  "ai": {
    "total_epochs": 300,
    "fix_epochs": 97,
    "float_epochs": 106,
    "single_epochs": 97,
    "other_epochs": 0,
    "fix_pct": 32.33333333333333,
    "float_pct": 35.333333333333336,
    "single_pct": 32.33333333333333,
    "availability_pct": 67.66666666666666,
    "total_duration_sec": 299.0,
    "mean_convergence_sec": 4.06,
    "max_convergence_sec": 23.0,
    "num_convergences": 50,
    "num_mode_transitions": 153,
    "num_fix_losses": 50,
    "accuracy": {
      "num_epochs_compared": 300,
      "mean_hpe_m": 22004274.45531268,
      "rms_hpe_m": 22004274.461171266,
      "max_hpe_m": 22005179.806540906,
      "pct95_hpe_m": 22005149.096803255,
      "mean_vpe_m": 413.6238746710288,
      "rms_vpe_m": 413.7477637601921,
      "pct_within_target": 0.0
    },
    "mean_num_sats": 7.926666666666667,
    "min_num_sats": 4,
    "max_num_sats": 13
  },
  "comparison": {
    "fix_pct_improvement": 12.333333333333329,
    "availability_improvement": 5.999999999999986,
    "convergence_time_reduction_sec": 4.215862068965518,
    "convergence_time_reduction_pct": 50.94166666666668,
    "hpe_improvement_m": 0.0936049185693264,
    "hpe_improvement_pct": 4.253942494729092e-07,
    "pct_within_target_improvement": 0.0,
    "fix_loss_reduction": -21,
    "summary": "AI mode shows: higher FIX rate, faster convergence"
  }
}